Date,Price
2018-09-03,1557.00
2018-09-04,1513.00
2018-09-05,1477.00
2018-09-06,1484.00
2018-09-07,1490.00
2018-09-10,1482.00
2018-09-11,1439.00
2018-09-12,1411.00
2018-09-13,1382.00
2018-09-14,1366.00
2018-09-17,1357.00
2018-09-18,1356.00
2018-09-19,1373.00
2018-09-20,1396.00
2018-09-21,1413.00
2018-09-24,1434.00
2018-09-25,1450.00
2018-09-26,1503.00
2018-09-27,1524.00
2018-09-28,1540.00
2018-10-01,1555.00
2018-10-02,1570.00
2018-10-03,1574.00
2018-10-04,1554.00
2018-10-05,1536.00
2018-10-08,1530.00
2018-10-09,1503.00
2018-10-10,1493.00
2018-10-11,1515.00
2018-10-12,1579.00
2018-10-15,1584.00
2018-10-16,1578.00
2018-10-17,1554.00
2018-10-18,1565.00
2018-10-19,1576.00
2018-10-22,1579.00
2018-10-23,1577.00
2018-10-24,1546.00
2018-10-25,1516.00
2018-10-26,1519.00
2018-10-29,1522.00
2018-10-30,1513.00
2018-10-31,1490.00
2018-11-01,1470.00
2018-11-02,1457.00
2018-11-05,1428.00
2018-11-06,1395.00
2018-11-07,1304.00
2018-11-08,1231.00
2018-11-09,1147.00
2018-11-12,1125.00
2018-11-13,1064.00
2018-11-14,1009.00
2018-11-15,1020.00
2018-11-16,1031.00
2018-11-19,1023.00
2018-11-20,1003.00
2018-11-21,1008.00
2018-11-22,1018.00
2018-11-23,1093.00
2018-11-26,1217.00
2018-11-27,1339.00
2018-11-28,1330.00
2018-11-29,1281.00
2018-11-30,1231.00
2018-12-03,1203.00
2018-12-04,1237.00
2018-12-05,1296.00
2018-12-06,1339.00
2018-12-07,1372.00
2018-12-10,1385.00
2018-12-11,1364.00
2018-12-12,1353.00
2018-12-13,1365.00
2018-12-14,1401.00
2018-12-17,1406.00
2018-12-18,1395.00
2018-12-19,1378.00
2018-12-20,1318.00
2018-12-21,1279.00
2018-12-24,1271.00
2019-01-02,1282.00
2019-01-03,1267.00
2019-01-04,1260.00
2019-01-07,1247.00
2019-01-08,1262.00
2019-01-09,1238.00
2019-01-10,1189.00
2019-01-11,1169.00
2019-01-14,1147.00
2019-01-15,1096.00
2019-01-16,1055.00
2019-01-17,1077.00
2019-01-18,1112.00
2019-01-21,1092.00
2019-01-22,1036.00
2019-01-23,982.00
2019-01-24,939.00
2019-01-25,905.00
2019-01-28,852.00
2019-01-29,797.00
2019-01-30,721.00
2019-01-31,668.00
2019-02-01,645.00
2019-02-04,634.00
2019-02-05,629.00
2019-02-06,629.00
2019-02-07,610.00
2019-02-08,601.00
2019-02-11,595.00
2019-02-12,598.00
2019-02-13,608.00
2019-02-14,628.00
2019-02-15,639.00
2019-02-18,643.00
2019-02-19,635.00
2019-02-20,622.00
2019-02-21,630.00
2019-02-22,634.00
2019-02-25,637.00
2019-02-26,649.00
2019-02-27,651.00
2019-02-28,658.00
2019-03-01,664.00
2019-03-04,669.00
2019-03-05,663.00
2019-03-06,664.00
2019-03-07,657.00
2019-03-08,649.00
2019-03-11,645.00
2019-03-12,647.00
2019-03-13,654.00
2019-03-14,677.00
2019-03-15,730.00
2019-03-18,721.00
2019-03-19,712.00
2019-03-20,709.00
2019-03-21,695.00
2019-03-22,690.00
2019-03-25,689.00
2019-03-26,683.00
2019-03-27,690.00
2019-03-28,692.00
2019-03-29,689.00
2019-04-01,685.00
2019-04-02,674.00
2019-04-03,672.00
2019-04-04,699.00
2019-04-05,711.00
2019-04-08,714.00
2019-04-09,725.00
2019-04-10,734.00
2019-04-11,728.00
2019-04-12,726.00
2019-04-15,738.00
2019-04-16,749.00
2019-04-17,767.00
2019-04-18,790.00
2019-04-23,821.00
2019-04-24,850.00
2019-04-25,869.00
2019-04-26,889.00
2019-04-29,913.00
2019-04-30,1011.00
2019-05-01,1031.00
2019-05-02,1032.00
2019-05-03,985.00
2019-05-07,936.00
2019-05-08,940.00
2019-05-09,974.00
2019-05-10,1013.00
2019-05-13,1026.00
2019-05-14,1043.00
2019-05-15,1032.00
2019-05-16,1032.00
2019-05-17,1040.00
2019-05-20,1041.00
2019-05-21,1049.00
2019-05-22,1059.00
2019-05-23,1068.00
2019-05-24,1066.00
2019-05-28,1082.00
2019-05-29,1107.00
2019-05-30,1097.00
2019-05-31,1096.00
2019-06-03,1103.00
2019-06-04,1122.00
2019-06-05,1141.00
2019-06-06,1138.00
2019-06-07,1138.00
2019-06-10,1125.00
2019-06-11,1105.00
2019-06-12,1080.00
2019-06-13,1062.00
2019-06-14,1085.00
2019-06-17,1093.00
2019-06-18,1135.00
2019-06-19,1179.00
2019-06-20,1194.00
2019-06-21,1239.00
2019-06-24,1258.00
2019-06-25,1280.00
2019-06-26,1317.00
2019-06-27,1340.00
2019-06-28,1354.00
2019-07-01,1381.00
2019-07-02,1446.00
2019-07-03,1549.00
2019-07-04,1700.00
2019-07-05,1740.00
2019-07-08,1725.00
2019-07-09,1759.00
2019-07-10,1777.00
2019-07-11,1816.00
2019-07-12,1865.00
2019-07-15,1928.00
2019-07-16,2011.00
2019-07-17,2064.00
2019-07-18,2130.00
2019-07-19,2170.00
2019-07-22,2191.00
2019-07-23,2165.00
2019-07-24,2014.00
2019-07-25,1947.00
2019-07-26,1937.00
2019-07-29,1922.00
2019-07-30,1899.00
2019-07-31,1868.00
2019-08-01,1812.00
2019-08-02,1788.00
2019-08-05,1774.00
2019-08-06,1734.00
2019-08-07,1712.00
2019-08-08,1720.00
2019-08-09,1748.00
2019-08-12,1774.00
2019-08-13,1864.00
2019-08-14,1950.00
2019-08-15,2047.00
2019-08-16,2088.00
2019-08-19,2067.00
2019-08-20,2059.00
2019-08-21,2061.00
2019-08-22,2118.00
2019-08-23,2168.00
2019-08-27,2213.00
2019-08-28,2267.00
2019-08-29,2277.00
2019-08-30,2378.00
2019-09-02,2442.00
2019-09-03,2501.00
2019-09-04,2518.00
2019-09-05,2499.00
2019-09-06,2462.00
2019-09-09,2422.00
2019-09-10,2393.00
2019-09-11,2366.00
2019-09-12,2331.00
2019-09-13,2312.00
2019-09-16,2311.00
2019-09-17,2283.00
2019-09-18,2266.00
2019-09-19,2192.00
2019-09-20,2131.00
2019-09-23,2108.00
2019-09-24,2116.00
2019-09-25,2053.00
2019-09-26,1963.00
2019-09-27,1857.00
2019-09-30,1823.00
2019-10-01,1809.00
2019-10-02,1803.00
2019-10-03,1757.00
2019-10-04,1767.00
2019-10-07,1770.00
2019-10-08,1801.00
2019-10-09,1873.00
2019-10-10,1929.00
2019-10-11,1924.00
2019-10-14,1916.00
2019-10-15,1898.00
2019-10-16,1897.00
2019-10-17,1861.00
2019-10-18,1855.00
2019-10-21,1846.00
2019-10-22,1806.00
2019-10-23,1779.00
2019-10-24,1785.00
2019-10-25,1801.00
2019-10-28,1803.00
2019-10-29,1802.00
2019-10-30,1782.00
2019-10-31,1731.00
2019-11-01,1697.00
2019-11-04,1675.00
2019-11-05,1656.00
2019-11-06,1533.00
2019-11-07,1428.00
2019-11-08,1378.00
2019-11-11,1345.00
2019-11-12,1354.00
2019-11-13,1365.00
2019-11-14,1364.00
2019-11-15,1357.00
2019-11-18,1338.00
2019-11-19,1304.00
2019-11-20,1260.00
2019-11-21,1255.00
2019-11-22,1284.00
2019-11-25,1351.00
2019-11-26,1426.00
2019-11-27,1440.00
2019-11-28,1467.00
2019-11-29,1528.00
2019-12-02,1568.00
2019-12-03,1606.00
2019-12-04,1599.00
2019-12-05,1575.00
2019-12-06,1558.00
2019-12-09,1551.00
2019-12-10,1528.00
2019-12-11,1460.00
2019-12-12,1388.00
2019-12-13,1355.00
2019-12-16,1315.00
2019-12-17,1281.00
2019-12-18,1221.00
2019-12-19,1151.00
2019-12-20,1123.00
2019-12-23,1103.00
2019-12-24,1090.00
2020-01-02,976.00
2020-01-03,907.00
2020-01-06,844.00
2020-01-07,791.00
2020-01-08,773.00
2020-01-09,772.00
2020-01-10,774.00
2020-01-13,765.00
2020-01-14,763.00
2020-01-15,768.00
2020-01-16,768.00
2020-01-17,754.00
2020-01-20,729.00
2020-01-21,689.00
2020-01-22,623.00
2020-01-23,576.00
2020-01-24,557.00
2020-01-27,546.00
2020-01-28,539.00
2020-01-29,525.00
2020-01-30,498.00
2020-01-31,487.00
2020-02-03,466.00
2020-02-04,453.00
2020-02-05,430.00
2020-02-06,431.00
2020-02-07,415.00
2020-02-10,411.00
2020-02-11,418.00
2020-02-12,421.00
2020-02-13,421.00
2020-02-14,425.00
2020-02-17,434.00
2020-02-18,450.00
2020-02-19,465.00
2020-02-20,480.00
2020-02-21,497.00
2020-02-24,506.00
2020-02-25,508.00
2020-02-26,517.00
2020-02-27,529.00
2020-02-28,535.00
2020-03-02,539.00
2020-03-03,549.00
2020-03-04,562.00
2020-03-05,599.00
2020-03-06,617.00
2020-03-09,616.00
2020-03-10,627.00
2020-03-11,631.00
2020-03-12,633.00
2020-03-13,631.00
2020-03-16,623.00
2020-03-17,612.00
2020-03-18,629.00
2020-03-19,630.00
2020-03-20,625.00
2020-03-23,617.00
2020-03-24,603.00
2020-03-25,582.00
2020-03-26,569.00
2020-03-27,556.00
2020-03-30,548.00
2020-03-31,626.00
2020-04-01,624.00
2020-04-02,624.00
2020-04-03,616.00
2020-04-06,604.00
2020-04-07,596.00
2020-04-08,607.00
2020-04-09,635.00
2020-04-14,679.00
2020-04-15,706.00
2020-04-16,726.00
2020-04-17,751.00
2020-04-20,757.00
2020-04-21,728.00
2020-04-22,694.00
2020-04-23,672.00
2020-04-24,665.00
2020-04-27,661.00
2020-04-28,655.00
2020-04-29,643.00
2020-04-30,635.00
2020-05-01,617.00
2020-05-04,598.00
2020-05-05,575.00
2020-05-06,534.00
2020-05-07,514.00
2020-05-11,474.00
2020-05-12,433.00
2020-05-13,398.00
2020-05-14,393.00
2020-05-15,407.00
2020-05-18,427.00
2020-05-19,453.00
2020-05-20,477.00
2020-05-21,494.00
2020-05-22,498.00
2020-05-26,506.00
2020-05-27,502.00
2020-05-28,489.00
2020-05-29,504.00
2020-06-01,520.00
2020-06-02,546.00
2020-06-03,592.00
2020-06-04,632.00
2020-06-05,679.00
2020-06-08,698.00
2020-06-09,714.00
2020-06-10,764.00
2020-06-11,839.00
2020-06-12,923.00
2020-06-15,973.00
2020-06-16,1054.00
2020-06-17,1246.00
2020-06-18,1527.00
2020-06-19,1555.00
2020-06-22,1558.00
2020-06-23,1617.00
2020-06-24,1705.00
2020-06-25,1738.00
2020-06-26,1749.00
2020-06-29,1794.00
2020-06-30,1799.00
2020-07-01,1803.00
2020-07-02,1823.00
2020-07-03,1894.00
2020-07-06,1956.00
2020-07-07,1949.00
2020-07-08,1849.00
2020-07-09,1810.00
2020-07-10,1810.00
2020-07-13,1792.00
2020-07-14,1742.00
2020-07-15,1696.00
2020-07-16,1699.00
2020-07-17,1710.00
2020-07-20,1678.00
2020-07-21,1594.00
2020-07-22,1473.00
2020-07-23,1388.00
2020-07-24,1317.00
2020-07-27,1293.00
2020-07-28,1264.00
2020-07-29,1317.00
2020-07-30,1348.00
2020-07-31,1350.00
2020-08-03,1385.00
2020-08-07,1501.00
2020-08-10,1506.00
2020-08-11,1510.00
2020-08-12,1540.00
2020-08-13,1577.00
2020-08-14,1595.00
2020-08-17,1598.00
2020-08-18,1586.00
2020-08-19,1568.00
2020-08-20,1518.00
2020-08-21,1481.00
2020-08-24,1491.00
2020-08-25,1518.00
2020-08-26,1509.00
2020-08-27,1504.00
2020-08-28,1488.00
2020-09-01,1471.00
2020-09-02,1445.00
2020-09-03,1395.00
2020-09-04,1362.00
2020-09-07,1349.00
2020-09-08,1328.00
2020-09-09,1296.00
2020-09-10,1269.00
2020-09-11,1267.00
2020-09-14,1282.00
2020-09-15,1289.00
2020-09-16,1281.00
2020-09-17,1294.00
2020-09-18,1296.00
2020-09-21,1314.00
2020-09-22,1364.00
2020-09-23,1426.00
2020-09-24,1605.00
2020-09-25,1667.00
2020-09-28,1654.00
2020-09-29,1658.00
2020-09-30,1725.00
2020-10-01,1869.00
2020-10-02,2020.00
2020-10-05,2071.00
2020-10-06,2097.00
2020-10-07,2044.00
2020-10-08,1970.00
2020-10-09,1892.00
2020-10-12,1807.00
2020-10-13,1732.00
2020-10-14,1637.00
2020-10-15,1561.00
2020-10-16,1477.00
2020-10-19,1409.00
2020-10-20,1350.00
2020-10-21,1346.00
2020-10-22,1401.00
2020-10-23,1415.00
2020-10-26,1402.00
2020-10-27,1413.00
2020-10-28,1384.00
2020-10-29,1297.00
2020-10-30,1283.00
2020-11-02,1284.00
2020-11-03,1263.00
2020-11-04,1224.00
2020-11-05,1194.00
2020-11-06,1196.00
2020-11-09,1207.00
2020-11-10,1200.00
2020-11-11,1141.00
2020-11-12,1124.00
2020-11-16,1111.00
2020-11-17,1112.00
2020-11-18,1115.00
2020-11-19,1134.00
2020-11-20,1148.00
2020-11-23,1169.00
2020-11-24,1178.00
2020-11-25,1197.00
2020-11-26,1219.00
2020-11-27,1230.00
2020-11-30,1227.00
2020-12-01,1211.00
2020-12-02,1201.00
2020-12-03,1189.00
2020-12-04,1197.00
2020-12-07,1162.00
2020-12-08,1121.00
2020-12-09,1122.00
2020-12-10,1161.00
2020-12-11,1211.00
2020-12-14,1235.00
2020-12-15,1273.00
2020-12-16,1296.00
2020-12-17,1301.00
2020-12-18,1325.00
2020-12-21,1323.00
2020-12-22,1330.00
2020-12-23,1362.00
2020-12-24,1366.00
2021-01-04,1374.00
2021-01-05,1418.00
2021-01-06,1425.00
2021-01-07,1448.00
2021-01-08,1606.00
2021-01-11,1761.00
2021-01-12,1849.00
2021-01-13,1856.00
2021-01-14,1792.00
2021-01-15,1754.00
2021-01-18,1740.00
2021-01-19,1766.00
2021-01-20,1828.00
2021-01-21,1837.00
2021-01-22,1810.00
2021-01-25,1765.00
2021-01-26,1659.00
2021-01-27,1540.00
2021-01-28,1470.00
2021-01-29,1452.00
2021-02-01,1444.00
2021-02-02,1380.00
2021-02-03,1327.00
2021-02-04,1327.00
2021-02-05,1333.00
2021-02-08,1317.00
2021-02-09,1306.00
2021-02-10,1303.00
2021-02-11,1313.00
2021-02-12,1339.00
2021-02-15,1364.00
2021-02-16,1495.00
2021-02-17,1756.00
2021-02-18,1770.00
2021-02-19,1698.00
2021-02-22,1709.00
2021-02-23,1727.00
2021-02-24,1709.00
2021-02-25,1700.00
2021-02-26,1675.00
2021-03-01,1651.00
2021-03-02,1673.00
2021-03-03,1763.00
2021-03-04,1779.00
2021-03-05,1829.00
2021-03-08,1853.00
2021-03-09,1901.00
2021-03-10,1980.00
2021-03-11,1970.00
2021-03-12,1960.00
2021-03-15,1983.00
2021-03-16,2017.00
2021-03-17,2105.00
2021-03-18,2215.00
2021-03-19,2281.00
2021-03-22,2319.00
2021-03-23,2271.00
2021-03-24,2194.00
2021-03-25,2172.00
2021-03-26,2178.00
2021-03-29,2162.00
2021-03-30,2103.00
2021-03-31,2046.00
2021-04-01,2072.00
2021-04-06,2092.00
2021-04-07,2127.00
2021-04-08,2088.00
2021-04-09,2085.00
2021-04-12,2145.00
2021-04-13,2140.00
2021-04-14,2178.00
2021-04-15,2323.00
2021-04-16,2385.00
2021-04-19,2432.00
2021-04-20,2472.00
2021-04-21,2710.00
2021-04-22,2750.00
2021-04-23,2788.00
2021-04-26,2808.00
2021-04-27,2889.00
2021-04-28,2957.00
2021-04-29,3007.00
2021-04-30,3053.00
2021-05-04,3157.00
2021-05-05,3266.00
2021-05-06,3212.00
2021-05-07,3183.00
2021-05-10,3240.00
2021-05-11,3254.00
2021-05-12,3139.00
2021-05-13,3077.00
2021-05-14,2939.00
2021-05-17,2856.00
2021-05-18,2795.00
2021-05-19,2801.00
2021-05-20,2824.00
2021-05-21,2869.00
2021-05-24,2881.00
2021-05-25,2809.00
2021-05-26,2754.00
2021-05-27,2688.00
2021-05-28,2596.00
2021-06-01,2568.00
2021-06-02,2530.00
2021-06-03,2472.00
2021-06-04,2438.00
2021-06-07,2428.00
2021-06-08,2420.00
2021-06-09,2481.00
2021-06-10,2669.00
2021-06-11,2857.00
2021-06-14,2944.00
2021-06-15,3025.00
2021-06-16,3176.00
2021-06-17,3267.00
2021-06-18,3218.00
2021-06-21,3190.00
2021-06-22,3119.00
2021-06-23,3147.00
2021-06-24,3175.00
2021-06-25,3255.00
2021-06-28,3324.00
2021-06-29,3418.00
2021-06-30,3383.00
2021-07-01,3338.00
2021-07-02,3285.00
2021-07-05,3224.00
2021-07-06,3179.00
2021-07-07,3241.00
2021-07-08,3281.00
2021-07-09,3300.00
2021-07-12,3300.00
2021-07-13,3228.00
2021-07-14,3139.00
2021-07-15,3073.00
2021-07-16,3039.00
2021-07-19,3059.00
2021-07-20,3053.00
2021-07-21,3058.00
2021-07-22,3103.00
2021-07-23,3199.00
2021-07-26,3210.00
2021-07-27,3166.00
2021-07-28,3154.00
2021-07-29,3214.00
2021-07-30,3292.00
2021-08-02,3282.00
2021-08-03,3281.00
2021-08-04,3318.00
2021-08-05,3376.00
2021-08-06,3371.00
2021-08-09,3371.00
2021-08-10,3375.00
2021-08-11,3410.00
2021-08-12,3503.00
2021-08-13,3566.00
2021-08-16,3606.00
2021-08-17,3657.00
2021-08-18,3833.00
2021-08-19,3976.00
2021-08-20,4092.00
2021-08-23,4147.00
2021-08-24,4201.00
2021-08-25,4193.00
2021-08-26,4195.00
2021-08-27,4235.00
2021-08-31,4132.00
2021-09-01,4013.00
2021-09-02,4001.00
2021-09-03,3944.00
2021-09-06,3822.00
2021-09-07,3707.00
2021-09-08,3618.00
2021-09-09,3643.00
2021-09-10,3864.00
2021-09-13,4163.00
2021-09-14,4221.00
2021-09-15,4233.00
2021-09-16,4215.00
2021-09-17,4275.00
2021-09-20,4304.00
2021-09-21,4410.00
2021-09-22,4560.00
2021-09-23,4651.00
2021-09-24,4644.00
2021-09-27,4717.00
2021-09-28,4962.00
2021-09-29,5197.00
2021-09-30,5167.00
2021-10-01,5202.00
2021-10-04,5267.00
2021-10-05,5409.00
2021-10-06,5647.00
2021-10-07,5650.00
2021-10-08,5526.00
2021-10-11,5488.00
2021-10-12,5378.00
2021-10-13,5206.00
2021-10-14,5062.00
2021-10-15,4854.00
2021-10-18,4732.00
2021-10-19,4714.00
2021-10-20,4751.00
2021-10-21,4653.00
2021-10-22,4410.00
2021-10-25,4257.00
2021-10-26,4056.00
2021-10-27,3808.00
2021-10-28,3630.00
2021-10-29,3519.00
2021-11-01,3428.00
2021-11-02,3187.00
2021-11-03,2892.00
2021-11-04,2769.00
2021-11-05,2715.00
2021-11-08,2718.00
2021-11-09,2805.00
2021-11-10,2861.00
2021-11-11,2844.00
2021-11-12,2807.00
2021-11-15,2759.00
2021-11-16,2591.00
2021-11-17,2430.00
2021-11-18,2454.00
2021-11-19,2552.00
2021-11-22,2645.00
2021-11-23,2715.00
2021-11-24,2654.00
2021-11-25,2678.00
2021-11-26,2767.00
2021-11-29,2881.00
2021-11-30,3018.00
2021-12-01,3047.00
2021-12-02,3115.00
2021-12-03,3171.00
2021-12-06,3235.00
2021-12-07,3352.00
2021-12-08,3423.00
2021-12-09,3343.00
2021-12-10,3272.00
2021-12-13,3216.00
2021-12-14,2932.00
2021-12-15,2665.00
2021-12-16,2498.00
2021-12-17,2379.00
2021-12-20,2371.00
2021-12-21,2294.00
2021-12-22,2229.00
2021-12-23,2219.00
2021-12-24,2217.00
2022-01-04,2285.00
2022-01-05,2289.00
2022-01-06,2296.00
2022-01-07,2289.00
2022-01-10,2277.00
2022-01-11,2151.00
2022-01-12,2027.00
2022-01-13,1873.00
2022-01-14,1764.00
2022-01-17,1731.00
2022-01-18,1644.00
2022-01-19,1570.00
2022-01-20,1474.00
2022-01-21,1415.00
2022-01-24,1391.00
2022-01-25,1343.00
2022-01-26,1296.00
2022-01-27,1302.00
2022-01-28,1381.00
2022-01-31,1418.00
2022-02-01,1440.00
2022-02-02,1419.00
2022-02-03,1425.00
2022-02-04,1423.00
2022-02-07,1422.00
2022-02-08,1503.00
2022-02-09,1711.00
2022-02-10,1940.00
2022-02-11,1977.00
2022-02-14,1984.00
2022-02-15,1968.00
2022-02-16,1896.00
2022-02-17,1886.00
2022-02-18,1964.00
2022-02-21,2045.00
2022-02-22,2148.00
2022-02-23,2244.00
2022-02-24,2187.00
2022-02-25,2076.00
2022-02-28,2040.00
2022-03-01,2069.00
2022-03-02,2137.00
2022-03-03,2104.00
2022-03-04,2148.00
2022-03-07,2235.00
2022-03-08,2352.00
2022-03-09,2558.00
2022-03-10,2704.00
2022-03-11,2718.00
2022-03-14,2727.00
2022-03-15,2689.00
2022-03-16,2591.00
2022-03-17,2588.00
2022-03-18,2605.00
2022-03-21,2589.00
2022-03-22,2546.00
2022-03-23,2575.00
2022-03-24,2567.00
2022-03-25,2544.00
2022-03-28,2484.00
2022-03-29,2417.00
2022-03-30,2369.00
2022-03-31,2358.00
2022-04-01,2357.00
2022-04-04,2307.00
2022-04-05,2213.00
2022-04-06,2128.00
2022-04-07,2061.00
2022-04-08,2055.00
2022-04-11,2031.00
2022-04-12,2035.00
2022-04-13,2068.00
2022-04-14,2137.00
2022-04-19,2115.00
2022-04-20,2142.00
2022-04-21,2239.00
2022-04-22,2307.00
2022-04-25,2356.00
2022-04-26,2404.00
2022-04-27,2425.00
2022-04-28,2403.00
2022-04-29,2404.00
2022-05-03,2412.00
2022-05-04,2485.00
2022-05-05,2644.00
2022-05-06,2718.00
2022-05-09,2831.00
2022-05-10,2939.00
2022-05-11,3052.00
2022-05-12,3117.00
2022-05-13,3104.00
2022-05-16,3085.00
2022-05-17,3095.00
2022-05-18,3189.00
2022-05-19,3289.00
2022-05-20,3344.00
2022-05-23,3369.00
2022-05-24,3253.00
2022-05-25,3127.00
2022-05-26,2933.00
2022-05-27,2681.00
2022-05-30,2571.00
2022-05-31,2566.00
2022-06-01,2633.00
2022-06-06,2560.00
2022-06-07,2514.00
2022-06-08,2410.00
2022-06-09,2342.00
2022-06-10,2320.00
2022-06-13,2260.00
2022-06-14,2284.00
2022-06-15,2387.00
2022-06-16,2462.00
2022-06-17,2578.00
2022-06-20,2596.00
2022-06-21,2484.00
2022-06-22,2349.00
2022-06-23,2354.00
2022-06-24,2331.00
2022-06-27,2295.00
2022-06-28,2204.00
2022-06-29,2186.00
2022-06-30,2240.00
2022-07-01,2214.00
2022-07-04,2159.00
2022-07-05,2098.00
2022-07-06,2043.00
2022-07-07,2073.00
2022-07-08,2067.00
2022-07-11,2081.00
2022-07-12,2013.00
2022-07-13,2002.00
2022-07-14,2010.00
2022-07-15,2150.00
2022-07-18,2162.00
2022-07-19,2145.00
2022-07-20,2113.00
2022-07-21,2118.00
2022-07-22,2146.00
2022-07-25,2114.00
2022-07-26,2061.00
2022-07-27,2007.00
2022-07-28,1945.00
2022-07-29,1895.00
2022-08-01,1872.00
2022-08-02,1817.00
2022-08-03,1731.00
2022-08-04,1603.00
2022-08-05,1560.00
2022-08-08,1566.00
2022-08-09,1564.00
2022-08-10,1592.00
2022-08-11,1556.00
2022-08-12,1477.00
2022-08-15,1404.00
2022-08-16,1387.00
2022-08-17,1394.00
2022-08-18,1320.00
2022-08-19,1279.00
2022-08-22,1270.00
2022-08-23,1271.00
2022-08-24,1213.00
2022-08-25,1123.00
2022-08-26,1082.00
2022-08-30,1017.00
2022-08-31,965.00
2022-09-01,1002.00
2022-09-02,1086.00
2022-09-05,1133.00
2022-09-06,1114.00
2022-09-07,1133.00
2022-09-08,1178.00
2022-09-09,1213.00
2022-09-12,1256.00
2022-09-13,1408.00
2022-09-14,1595.00
2022-09-15,1612.00
2022-09-16,1553.00
2022-09-20,1729.00
2022-09-21,1746.00
2022-09-22,1720.00
2022-09-23,1816.00
2022-09-26,1813.00
2022-09-27,1807.00
2022-09-28,1799.00
2022-09-29,1757.00
2022-09-30,1760.00
2022-10-03,1788.00
2022-10-04,1865.00
2022-10-05,1996.00
2022-10-06,1992.00
2022-10-07,1961.00
2022-10-10,1944.00
2022-10-11,1904.00
2022-10-12,1873.00
2022-10-13,1818.00
2022-10-14,1838.00
2022-10-17,1843.00
2022-10-18,1875.00
2022-10-19,1871.00
2022-10-20,1837.00
2022-10-21,1819.00
2022-10-24,1797.00
2022-10-25,1755.00
2022-10-26,1706.00
2022-10-27,1612.00
2022-10-28,1534.00
2022-10-31,1463.00
2022-11-01,1377.00
2022-11-02,1321.00
2022-11-03,1290.00
2022-11-04,1323.00
2022-11-07,1337.00
2022-11-08,1356.00
2022-11-09,1393.00
2022-11-10,1390.00
2022-11-11,1355.00
2022-11-14,1325.00
2022-11-15,1300.00
2022-11-16,1288.00
2022-11-17,1228.00
2022-11-18,1189.00
2022-11-21,1177.00
2022-11-22,1149.00
2022-11-23,1184.00
2022-11-24,1242.00
2022-11-25,1324.00
2022-11-28,1347.00
2022-11-29,1327.00
2022-11-30,1355.00
2022-12-01,1338.00
2022-12-02,1324.00
2022-12-05,1323.00
2022-12-06,1340.00
2022-12-07,1373.00
2022-12-08,1385.00
2022-12-09,1386.00
2022-12-12,1361.00
2022-12-13,1357.00
2022-12-14,1401.00
2022-12-15,1528.00
2022-12-16,1560.00
2022-12-19,1548.00
2022-12-20,1596.00
2022-12-21,1723.00
2022-12-22,1650.00
2022-12-23,1515.00
2023-01-03,1250.00
2023-01-04,1176.00
2023-01-05,1146.00
2023-01-06,1130.00
2023-01-09,1139.00
2023-01-10,1096.00
2023-01-11,1043.00
2023-01-12,976.00
2023-01-13,946.00
2023-01-16,946.00
2023-01-17,921.00
2023-01-18,874.00
2023-01-19,801.00
2023-01-20,763.00
2023-01-23,740.00
2023-01-24,721.00
2023-01-25,703.00
2023-01-26,677.00
2023-01-27,676.00
2023-01-30,680.00
2023-01-31,681.00
2023-02-01,668.00
2023-02-02,640.00
2023-02-03,621.00
2023-02-06,608.00
2023-02-07,601.00
2023-02-08,603.00
2023-02-09,592.00
2023-02-10,602.00
2023-02-13,616.00
2023-02-14,563.00
2023-02-15,541.00
2023-02-16,530.00
2023-02-17,538.00
2023-02-20,552.00
2023-02-21,594.00
2023-02-22,674.00
2023-02-23,816.00
2023-02-24,883.00
2023-02-27,935.00
2023-02-28,990.00
2023-03-01,1099.00
2023-03-02,1145.00
2023-03-03,1211.00
2023-03-06,1258.00
2023-03-07,1298.00
2023-03-08,1327.00
2023-03-09,1379.00
2023-03-10,1424.00
2023-03-13,1465.00
2023-03-14,1587.00
2023-03-15,1603.00
2023-03-16,1560.00
2023-03-17,1535.00
2023-03-20,1542.00
2023-03-21,1512.00
2023-03-22,1456.00
2023-03-23,1484.00
2023-03-24,1489.00
2023-03-27,1456.00
2023-03-28,1402.00
2023-03-29,1407.00
2023-03-30,1403.00
2023-03-31,1389.00
2023-04-03,1412.00
2023-04-04,1473.00
2023-04-05,1525.00
2023-04-06,1560.00
2023-04-11,1507.00
2023-04-12,1463.00
2023-04-13,1463.00
2023-04-14,1435.00
2023-04-17,1412.00
2023-04-18,1368.00
2023-04-19,1372.00
2023-04-20,1432.00
2023-04-21,1504.00
2023-04-24,1517.00
2023-04-25,1510.00
2023-04-26,1536.00
2023-04-27,1581.00
2023-04-28,1576.00
2023-05-02,1552.00
2023-05-03,1558.00
2023-05-04,1545.00
2023-05-05,1558.00
2023-05-09,1598.00
2023-05-10,1640.00
2023-05-11,1608.00
2023-05-12,1558.00
2023-05-15,1522.00
2023-05-16,1476.00
2023-05-17,1425.00
2023-05-18,1402.00
2023-05-19,1384.00
2023-05-22,1365.00
2023-05-23,1348.00
2023-05-24,1295.00
2023-05-25,1215.00
2023-05-26,1172.00
2023-05-30,1123.00
2023-05-31,977.00
2023-06-01,937.00
2023-06-02,919.00
2023-06-05,939.00
2023-06-06,1016.00
2023-06-07,1020.00
2023-06-08,1040.00
2023-06-09,1055.00
2023-06-12,1056.00
2023-06-13,1074.00
2023-06-14,1079.00
2023-06-15,1094.00
2023-06-16,1076.00
2023-06-19,1065.00
2023-06-20,1078.00
2023-06-21,1138.00
2023-06-22,1216.00
2023-06-23,1240.00
2023-06-26,1233.00
2023-06-27,1183.00
2023-06-28,1138.00
2023-06-29,1112.00
2023-06-30,1091.00
2023-07-03,1068.00
2023-07-04,1044.00
2023-07-05,994.00
2023-07-06,993.00
2023-07-07,1009.00
2023-07-10,1024.00
2023-07-11,1032.00
2023-07-12,1088.00
2023-07-13,1103.00
2023-07-14,1090.00
2023-07-17,1073.00
2023-07-18,1037.00
2023-07-19,1004.00
2023-07-20,977.00
2023-07-21,978.00
2023-07-24,967.00
2023-07-25,962.00
2023-07-26,1067.00
2023-07-27,1097.00
2023-07-28,1110.00
2023-07-31,1127.00
2023-08-01,1150.00
2023-08-02,1123.00
2023-08-03,1128.00
2023-08-04,1136.00
2023-08-07,1145.00
2023-08-08,1142.00
2023-08-09,1144.00
2023-08-10,1137.00
2023-08-11,1129.00
2023-08-14,1135.00
2023-08-15,1166.00
2023-08-16,1233.00
2023-08-17,1247.00
2023-08-18,1237.00
2023-08-21,1223.00
2023-08-22,1194.00
2023-08-23,1151.00
2023-08-24,1110.00
2023-08-25,1080.00
2023-08-29,1107.00
2023-08-30,1094.00
2023-08-31,1086.00
2023-09-01,1065.00
2023-09-04,1083.00
2023-09-05,1063.00
2023-09-06,1081.00
2023-09-07,1141.00
2023-09-08,1186.00
2023-09-11,1209.00
2023-09-12,1235.00
2023-09-13,1290.00
2023-09-14,1340.00
2023-09-15,1381.00
2023-09-18,1439.00
2023-09-19,1526.00
2023-09-20,1584.00
2023-09-21,1569.00
2023-09-22,1593.00
2023-09-25,1614.00
2023-09-26,1694.00
2023-09-27,1752.00
2023-09-28,1716.00
2023-09-29,1701.00
2023-10-02,1737.00
2023-10-03,1780.00
2023-10-04,1778.00
2023-10-05,1827.00
2023-10-06,1929.00
2023-10-09,1991.00
2023-10-10,1983.00
2023-10-11,1948.00
2023-10-12,1935.00
2023-10-13,1945.00
2023-10-16,1972.00
2023-10-17,2058.00
2023-10-18,2105.00
2023-10-19,2071.00
2023-10-20,2046.00
2023-10-23,2017.00
2023-10-24,1949.00
2023-10-25,1832.00
2023-10-26,1662.00
2023-10-27,1563.00
2023-10-30,1502.00
2023-10-31,1459.00
2023-11-01,1401.00
2023-11-02,1385.00
2023-11-03,1462.00
2023-11-06,1523.00
2023-11-07,1559.00
2023-11-08,1530.00
2023-11-09,1598.00
2023-11-10,1643.00
2023-11-13,1655.00
2023-11-14,1662.00
2023-11-15,1688.00
2023-11-16,1758.00
2023-11-17,1820.00
2023-11-20,1817.00
2023-11-21,1796.00
2023-11-22,1755.00
2023-11-23,1855.00
2023-11-24,2102.00
2023-11-27,2259.00
2023-11-28,2391.00
2023-11-29,2696.00
2023-11-30,2937.00
2023-12-01,3192.00
2023-12-04,3346.00
2023-12-05,3143.00
2023-12-06,2848.00
2023-12-07,2495.00
2023-12-08,2483.00
2023-12-11,2509.00
2023-12-12,2551.00
2023-12-13,2438.00
2023-12-14,2411.00
2023-12-15,2348.00
2023-12-18,2288.00
2023-12-19,2219.00
2023-12-20,2150.00
2023-12-21,2087.00
2023-12-22,2094.00
2024-01-02,2093.00
2024-01-03,2091.00
2024-01-04,2086.00
2024-01-05,2110.00
2024-01-08,2022.00
2024-01-09,1875.00
2024-01-10,1664.00
2024-01-11,1554.00
2024-01-12,1460.00
2024-01-15,1360.00
2024-01-16,1324.00
2024-01-17,1308.00
2024-01-18,1357.00
2024-01-19,1503.00
2024-01-22,1518.00
2024-01-23,1473.00
2024-01-24,1507.00
2024-01-25,1499.00
2024-01-26,1518.00
2024-01-29,1460.00
2024-01-30,1397.00
2024-01-31,1398.00
2024-02-01,1388.00
2024-02-02,1407.00
2024-02-05,1436.00
2024-02-06,1516.00
2024-02-07,1487.00
2024-02-08,1473.00
2024-02-09,1545.00
2024-02-12,1572.00
2024-02-13,1585.00
2024-02-14,1582.00
2024-02-15,1581.00
2024-02-16,1610.00
2024-02-19,1629.00
2024-02-20,1632.00
2024-02-21,1676.00
2024-02-22,1752.00
2024-02-23,1866.00
2024-02-26,1871.00
2024-02-27,1899.00
2024-02-28,2041.00
2024-02-29,2111.00
2024-03-01,2203.00
2024-03-04,2297.00
2024-03-05,2291.00
2024-03-06,2176.00
2024-03-07,2251.00
2024-03-08,2345.00
2024-03-11,2377.00
2024-03-12,2315.00
2024-03-13,2370.00
2024-03-14,2350.00
2024-03-15,2374.00
2024-03-18,2419.00
2024-03-19,2392.00
2024-03-20,2284.00
2024-03-21,2240.00
2024-03-22,2196.00
2024-03-25,2123.00
2024-03-26,1989.00
2024-03-27,1845.00
2024-03-28,1821.00
2024-04-02,1714.00
2024-04-03,1711.00
2024-04-04,1669.00
2024-04-05,1628.00
2024-04-08,1594.00
2024-04-09,1570.00
2024-04-10,1587.00
2024-04-11,1690.00
2024-04-12,1729.00
2024-04-15,1730.00
2024-04-16,1779.00
2024-04-17,1844.00
2024-04-18,1901.00
2024-04-19,1919.00
2024-04-22,1882.00
2024-04-23,1804.00
2024-04-24,1774.00
2024-04-25,1743.00
2024-04-26,1721.00
2024-04-29,1684.00
2024-04-30,1685.00
2024-05-01,1688.00
2024-05-02,1774.00
2024-05-03,1876.00
2024-05-07,2083.00
2024-05-08,2203.00
2024-05-09,2166.00
2024-05-10,2129.00
2024-05-13,2066.00
2024-05-14,1993.00
2024-05-15,1889.00
2024-05-16,1817.00
2024-05-17,1844.00
2024-05-20,1847.00
2024-05-21,1829.00
2024-05-22,1804.00
2024-05-23,1796.00
2024-05-24,1797.00
2024-05-28,1784.00
2024-05-29,1790.00
2024-05-30,1801.00
2024-05-31,1815.00
2024-06-03,1808.00
2024-06-04,1813.00
2024-06-05,1852.00
2024-06-06,1869.00
2024-06-07,1881.00
2024-06-10,1883.00
2024-06-11,1831.00
2024-06-12,1836.00
2024-06-13,1942.00
2024-06-14,1948.00
2024-06-17,1948.00
2024-06-18,1961.00
2024-06-19,1943.00
2024-06-20,1984.00
2024-06-21,1997.00
2024-06-24,1973.00
2024-06-25,1926.00
2024-06-26,1964.00
2024-06-27,2031.00
2024-06-28,2050.00
2024-07-01,2158.00
2024-07-02,2179.00
2024-07-03,2064.00
2024-07-04,2021.00
2024-07-05,1966.00
2024-07-08,1940.00
2024-07-09,1894.00
2024-07-10,1939.00
2024-07-11,1947.00
2024-07-12,1997.00
2024-07-15,1993.00
2024-07-16,1942.00
2024-07-17,1890.00
2024-07-18,1912.00
2024-07-19,1902.00
2024-07-22,1896.00
2024-07-23,1869.00
2024-07-24,1864.00
2024-07-25,1834.00
2024-07-26,1808.00
2024-07-29,1797.00
2024-07-30,1762.00
2024-07-31,1708.00
2024-08-01,1668.00
2024-08-02,1675.00
2024-08-05,1677.00
2024-08-06,1685.00
2024-08-07,1698.00
2024-08-08,1683.00
2024-08-09,1670.00
2024-08-12,1655.00
2024-08-13,1670.00
2024-08-14,1728.00
2024-08-15,1692.00
2024-08-16,1691.00
2024-08-19,1708.00
2024-08-20,1735.00
2024-08-21,1759.00
2024-08-22,1768.00
2024-08-23,1762.00
2024-08-27,1721.00
2024-08-28,1755.00
2024-08-29,1827.00
2024-08-30,1814.00
2024-09-02,1919.00
2024-09-03,1947.00
2024-09-04,1902.00
2024-09-05,1919.00
2024-09-06,1941.00
2024-09-09,1958.00
2024-09-10,1941.00
2024-09-11,1963.00
2024-09-12,1927.00
2024-09-13,1890.00
2024-09-16,1896.00
2024-09-17,1901.00
2024-09-18,1890.00
2024-09-19,1976.00
2024-09-20,1977.00
2024-09-23,1999.00
2024-09-24,2014.00
2024-09-25,2016.00
2024-09-26,2091.00
2024-09-27,2110.00
2024-09-30,2084.00
2024-10-01,2030.00
2024-10-02,1978.00
2024-10-03,1941.00
2024-10-04,1928.00
2024-10-07,1907.00
2024-10-08,1860.00
2024-10-09,1799.00
2024-10-10,1790.00
2024-10-11,1809.00
2024-10-14,1814.00
2024-10-15,1766.00
2024-10-16,1676.00
2024-10-17,1594.00
2024-10-18,1576.00
2024-10-21,1546.00
2024-10-22,1480.00
2024-10-23,1445.00
2024-10-24,1417.00
2024-10-25,1410.00
2024-10-28,1382.00
2024-10-29,1402.00
2024-10-30,1395.00
2024-10-31,1388.00
2024-11-01,1378.00
2024-11-04,1374.00
2024-11-05,1405.00
2024-11-06,1427.00
2024-11-07,1451.00
2024-11-08,1495.00
2024-11-11,1558.00
2024-11-12,1634.00
2024-11-13,1630.00
2024-11-14,1692.00
2024-11-15,1785.00
2024-11-18,1756.00
2024-11-19,1627.00
2024-11-20,1616.00
2024-11-21,1576.00
2024-11-22,1537.00
2024-11-25,1529.00
2024-11-26,1581.00
2024-11-27,1509.00
2024-11-28,1419.00
2024-11-29,1354.00
2024-12-02,1298.00
2024-12-03,1237.00
2024-12-04,1180.00
2024-12-05,1160.00
2024-12-06,1167.00
2024-12-09,1168.00
2024-12-10,1156.00
2024-12-11,1106.00
2024-12-12,1055.00
2024-12-13,1051.00
2024-12-16,1071.00
2024-12-17,1053.00
2024-12-18,1028.00
2024-12-19,976.00
2024-12-20,990.00
2024-12-23,994.00
2024-12-24,997.00
